customer_id,name,city,country
1,Rustin Danbrook,Shimokizukuri,Japan
2,Mendie Ghilks,Dioknisi,Georgia
3,Amelina Fane,Barra Velha,Brazil
4,Elsie Ericssen,Zābolī,Iran
5,Margaux Creswell,Kupino,Russia
6,Otis Carson,Ludgeřovice,Czech Republic
7,Alexi Cleare,Mutatá,Colombia
8,Abbie Thornthwaite,Solnechnyy,Russia
9,Keven Beecheno,Tamboril,Dominican Republic
10,Chloris Chadwen,Jinsha,China
11,Krista Mibourne,Strasbourg,France
12,Sarita Jacquemot,Tandaltī,Sudan
13,Fabien Yandle,Kokterek,Kazakhstan
14,Kirsten Baison,Przewóz,Poland
15,Danita John,Longxian Chengguanzhen,China
16,Kristin Chmiel,Lusigang,China
17,Cordey Blazdell,El Retiro,Colombia
18,Francis Duplan,Mayahi,Niger
19,Ric Rathke,Datang,China
20,Barbara April,Lamut,Philippines
21,Franklin Cristofanini,Bakan,Indonesia
22,Juline Rennix,Lusacan,Philippines
23,Jolee Revell,Retiro,Argentina
24,Kenneth Hillett,Petrijevci,Croatia
25,Audra Soltan,Baoshan,China
26,Kathlin Obal,Jinxiang,China
27,Bearnard Albisser,Marseille,France
28,Roch Quarterman,Santa Cruz,Philippines
29,Skyler Devonish,Margos,Philippines
30,Georg Bendixen,Thanatpin,Myanmar
31,Arri Ullyott,Karmai,China
32,Leah Merrisson,Waiwejak,Indonesia
33,Brina Heffernon,Anyu,China
34,Janette Salterne,Vanadzor,Armenia
35,Kylen Trenouth,Buštěhrad,Czech Republic
36,Hymie Girardini,Esmeraldas,Ecuador
37,Andrea Kelloch,Oslo,Norway
38,Berk Gronno,Villa Cañás,Argentina
39,Elora Dwelley,Marechal Cândido Rondon,Brazil
40,Malanie Coulston,Michałowo,Poland
41,Torey Dumbreck,Dauriya,Russia
42,Basil Scolli,Itajubá,Brazil
43,Mirella McVeagh,Batuan,China
44,Kittie Shuttleworth,Matagalpa,Nicaragua
45,Edward Heal,Pasarkuok,Indonesia
46,Kalina Bellison,Lyon,France
47,Dolorita Craigg,Petroúpolis,Greece
48,Stella Keelan,Eybens,France
49,Bobbe Batters,Cicuco,Colombia
50,Rafaelia Aimer,Velika,Croatia
51,Darice Bentley,Vikhorevka,Russia
52,Jacinthe Blowen,Solana,Philippines
53,Linzy Lindwall,Yukou,China
54,Danette Mulford,Babakansalam,Indonesia
55,Madeline Powdrill,Kedawung,Indonesia
56,Benji Hourican,Shizi,China
57,Alair Garz,España,Philippines
58,Gloria Haestier,Las Toscas,Argentina
59,Genevieve Bumfrey,Sidomekar,Indonesia
60,Zak Stratford,Laval,France
61,Mirabel Rizzetti,Wachira Barami,Thailand
62,Eran Batts,Reshetnikovo,Russia
63,Verile Pollie,Rathangan,Ireland
64,Eadmund Luttgert,Bududa,Uganda
65,Derk Braidon,Purac,Philippines
66,Ianthe Troker,Sinchao,Peru
67,Rem Retchford,Радишани,Macedonia
68,Ware Goudy,Keti Bandar,Pakistan
69,Todd Yeomans,Vientiane,Laos
70,Jordain Klewer,Psevdás,Cyprus
71,Natala Manklow,Tianzhuang,China
72,Dierdre Wharby,Raffingora,Zimbabwe
73,Kimbell Saleway,San Matías,Bolivia
74,Meryl Vernham,Winong,Indonesia
75,Davis Durrad,Vila de Rei,Portugal
76,Aurore Hollows,Aguisan,Philippines
77,Evangeline Ebi,Mijiang,China
78,Natividad Bogges,Lipin Bor,Russia
79,Con Flatt,Cabrero,Chile
80,Karoly Rowter,Gort,Ireland
81,Jason Bimrose,Bambanglipuro,Indonesia
82,Gustie Dailey,Hisor,Tajikistan
83,Clemence Celli,Gulariyā,Nepal
84,Marsha Crosskill,Jan Kempdorp,South Africa
85,Sadie De Beauchamp,Ağdaş,Azerbaijan
86,Urbano Kirkup,Pabean,Indonesia
87,Lissi Dangl,Tuchoměřice,Czech Republic
88,Aili Sillick,Rekovac,Serbia
89,Erwin Hindge,Imari,Japan
90,Dal Akaster,Junín,Argentina
91,Clevie Marklund,Borovan,Bulgaria
92,Petey Rakes,Ibara,Japan
93,Alicea Haysham,Alpatovo,Russia
94,Claribel Pollington,Lau,Portugal
95,Drona Stendell,Itigi,Tanzania
96,Waneta Dallow,Indianapolis,United States
97,Noah Walne,Zhirnovsk,Russia
98,Stanislas Connechie,Saltsjö-Boo,Sweden
99,Maribeth Noquet,Krajanjugosari,Indonesia
100,Athena Lodden,Matsue-shi,Japan
101,Dulcinea Landells,Sadar,Indonesia
102,Urbain Whitley,Candelaria,Argentina
103,Bearnard Veelers,Vårgårda,Sweden
104,Cathrin MacCaffrey,Pekijing,Indonesia
105,Jasmine Fellos,Daugavgrīva,Latvia
106,Leeland Chinnock,Noveleta,Philippines
107,Brena Macken,Kebloran,Indonesia
108,Duane Normant,Konggar,China
109,Burke Gershom,Suibara,Japan
110,Elsa Poulglais,Gesik,Indonesia
111,Pierre Odo,Kayukembang,Indonesia
112,Theodoric Huckleby,Saitama,Japan
113,Fifine Waldie,Rote,Indonesia
114,Alfonse Tyzack,Ząbkowice Śląskie,Poland
115,Marsiella Beldham,Plettenberg Bay,South Africa
116,Roxanna Petera,Huangjin,China
117,Aili Learmont,Yessentuki,Russia
118,Zechariah Creeber,Chengdong,China
119,Quill Abbyss,Rontu,Indonesia
120,Broddie Lancaster,Hartford,United States
121,Wheeler Treat,Desa Margaluyu,Indonesia
122,Bess Barizeret,Złocieniec,Poland
123,Barbabra Dimelow,Tagbina,Philippines
124,Josh Elderfield,Paris 15,France
125,Alvan Dignall,Pavlovka,Russia
126,Lanette Embury,Campo de la Cruz,Colombia
127,Phip Lenaghen,Isfara,Tajikistan
128,Austina Mowbray,Lengshui,China
129,Susanne Storrier,Dalo,Indonesia
130,Emmye Ellar,Sumber Tengah,Indonesia
131,Sileas Cud,São Martinho,Portugal
132,Jania Van der Veldt,Quimper,France
133,Daniele Kuhlen,Varazqān,Iran
134,Tillie Haresnape,Chenārān,Iran
135,Andy Haborn,Yuhe,China
136,Grantley Ubsdell,Surubim,Brazil
137,Andre Azemar,Podgorenskiy,Russia
138,Cathrin Semrad,Oslo,Norway
139,Toiboid Ennew,Milwaukee,United States
140,Ermin Pruce,Shuanglu,China
141,Antin Raimbauld,Cilangkap,Indonesia
142,Arline Leasor,Nanshi,China
143,Karleen Aimson,Río Cuarto,Argentina
144,Godfrey Schreurs,Fīrūzābād,Iran
145,Traver Tapsfield,Dongxiaokou,China
146,Luelle Pink,Uppsala,Sweden
147,Wendy Haskey,Chrząstowice,Poland
148,Elayne Witherup,Arnhem,Netherlands
149,Crosby Blanc,Tianchang,China
150,Reade Cosans,Espinho,Portugal
151,Anthony Fortye,Bistrinci,Croatia
152,Marion Paskins,Minshan,China
153,Barnabas Shewon,Yuzui,China
154,Erskine Bouzek,Wenchang,China
155,Shanda Hayden,Iraquara,Brazil
156,Marchall Weatherhill,Yingshouyingzi,China
157,May Rault,Emiliano Zapata,Mexico
158,Melisent Jurgensen,Oslo,Norway
159,Phillis Glawsop,Tul’chyn,Ukraine
160,Paulette Karlsson,Covão,Portugal
161,Blondie Garrett,Dayingjie,China
162,Esdras Cave,Lomba do Loução,Portugal
163,Arne McWard,Dolisie,Republic of the Congo
164,Birgitta Hyman,Yulin,China
165,Nil Stallworthy,General San Martín,Argentina
166,Mireielle Hurran,Gualeguay,Argentina
167,Marabel Hasnney,Sumberarumkrajan,Indonesia
168,Win Priditt,Pumai,Indonesia
169,Georgeanna Rissom,Huoxian,China
170,Wolf Waith,Nogent-le-Rotrou,France
171,Verena O'Noland,Inazawa,Japan
172,Fredrika Lillico,Hat Yai,Thailand
173,Colette Fenimore,Naguanagua,Venezuela
174,Felicdad Illiston,Coasa,Peru
175,Antone Jefferd,Loutráki,Greece
176,Rickert Stampfer,Zalewo,Poland
177,Dolores Styant,Puteran Kidul,Indonesia
178,Hadley Druce,Haljala,Estonia
179,Hermann Wharram,Baoshan,China
180,Kaylee Defries,Wabana,Canada
181,Toddie Elcocks,Verkhniye Achaluki,Russia
182,Egor Brownell,Nanjing,China
183,Gertrude Vynoll,Des Moines,United States
184,Violette Jarratt,Fenhe,China
185,Dorian Morrilly,Nashville,United States
186,Evey Ruddy,Cangkringan,Indonesia
187,Nyssa Houlridge,Shiroishi,Japan
188,Dagmar Towll,Santa Fe,United States
189,Corabelle Slark,Kujang-ŭp,North Korea
190,Melicent Bicker,Árgos,Greece
191,Trudy Catlette,Dongyangzhen,China
192,Noami Clymer,Ronglong,China
193,Laura Godlonton,Steinkjer,Norway
194,Olenka Cardno,Évlalo,Greece
195,Brear Westrey,Xijiao,China
196,Gilles Derry,Si That,Thailand
197,Antonella Garron,Lijia,China
198,Cori McKenny,Bambas,Peru
199,Fransisco Bielfeldt,Qarāwat Banī Zayd,Palestinian Territory
200,Giffard Skipp,Qiubin,China
201,Nedda Kiddell,Linxia Chengguanzhen,China
202,Rolfe Eastway,Wodzierady,Poland
203,Mara Rymell,Wushi,China
204,Trescha Battany,Liugong,China
205,Sile Wellings,Ramiriquí,Colombia
206,Lon Fochs,Sbikha,Tunisia
207,Leigh Rolfs,Khān Shaykhūn,Syria
208,Kelsi Chanson,Shayuan,China
209,Crystie Eckery,Sangke,China
210,Alvera Kerne,Thị Trấn Quán Lào,Vietnam
211,Imogen Oakden,Karangpapak,Indonesia
212,Di Deetch,Chełm,Poland
213,Cass Feldbau,Magapit,Philippines
214,Winfred Mantripp,Banjar Sedang,Indonesia
215,Pren Rain,Qibu,China
216,De Vasser,Dazhan,China
217,Gustav McGarrahan,Edineţ,Moldova
218,Corrina Dutnall,Girsereng,Indonesia
219,Sharline Howick,Liantan,China
220,Edgar Middup,Naviraí,Brazil
221,Gordy Mence,Qiaotou,China
222,Itch Smales,Kryva Hora,Ukraine
223,Farley Dignam,Kamba,Nigeria
224,Natalee Maleney,Kontagora,Nigeria
225,Bengt Peele,Pancas,Brazil
226,Doralyn Tommis,Samho-rodongjagu,North Korea
227,Claiborne Tweddle,Neuilly-sur-Seine,France
228,Claudetta Dietmar,Tiecun,China
229,Giffer Bromfield,Lutou,China
230,Katine Allans,Meixi,China
231,Ronda Pavolini,Thị Trấn Phước Bửu,Vietnam
232,Twyla Turton,Baton Rouge,United States
233,Millie Syce,Qinghe,China
234,Odessa Milne,Buchach,Ukraine
235,Abbot Wheatland,Komysh-Zorya,Ukraine
236,Selia Sherrington,Cluses,France
237,Celie Brehault,Juarez,Mexico
238,Nicholle Sharpe,Sapouy,Burkina Faso
239,Luce Jaegar,Cumanacoa,Venezuela
240,Lolly Parffrey,Alīābad,Pakistan
241,Mellisent D'eathe,Novoderevyankovskaya,Russia
242,Christy Cass,Prey Veng,Cambodia
243,Brandais Petegree,Shuangyang,China
244,Maurine Karlqvist,København,Denmark
245,Bronny Bottjer,Owczarnia,Poland
246,Meagan Arrigo,Cáceres,Colombia
247,Cassie Ivashechkin,Athmuqam,Pakistan
248,Louisa Mailes,Żarki,Poland
249,Ciel Kimbell,Luqiao,China
250,Gianina Andree,Orlando,United States
251,Janey Baynon,Youkounkoun,Guinea
252,Blancha Le Borgne,Pervomaysk,Russia
253,Lucio Damant,Blimbing,Indonesia
254,Toby Arzu,Muff,Ireland
255,Zacherie Binnes,Palecenan,Indonesia
256,Melitta Cleator,Petrolina de Goiás,Brazil
257,Carmencita Rustadge,Mir,Belarus
258,Corella Schenkel,Zelenogorsk,Russia
259,Kathlin Chilles,Demuk,Indonesia
260,Selena Verdon,Gumuk Tengah,Indonesia
261,Cheslie Lucia,Claveria,Philippines
262,Rosemonde Kohring,Boldumsaz,Turkmenistan
263,Bing de Zamora,Pepayan,Indonesia
264,Tony Sartain,Yangpu,China
265,Roth MacGovern,Jiuxian,China
266,Miranda Stote,Mel’nikovo,Russia
267,Linnie Demangeot,Fatufaun,Indonesia
268,Jaine Wingfield,Libu,China
269,Sarina Maso,Sinarwangi,Indonesia
270,Eadmund Verecker,Chicago,United States
271,Gabriello Zanassi,Vasil’yevskiy Mokh,Russia
272,Tine Frill,Shakīso,Ethiopia
273,Henrietta Denerley,Zibo,China
274,Ashlen Nash,Zhuping,China
275,Carroll Simnett,Ḩabīl al Jabr,Yemen
276,Alida Dinsale,Arlöv,Sweden
277,Morganica Reach,Sobang,Indonesia
278,Anastasie Mahon,Nyköping,Sweden
279,Rutter Linguard,Tuanfeng,China
280,Melly Buxey,Menglie,China
281,Mozelle Noteyoung,Carolina,Colombia
282,Jerald Smullin,Kajanan,Indonesia
283,Claude Wildey,Charlottenberg,Sweden
284,Nobie Tomankiewicz,Pingyao,China
285,Issiah Poyle,Qiankou,China
286,Ewell Doneld,Riachos,Portugal
287,Sharai Stygall,New Orleans,United States
288,Tyne Garfield,Bureng,Gambia
289,Germain Diamant,Pekalongan,Indonesia
290,Matilda Sinkinson,Da’an,China
291,Gusti McRinn,Manadas,Portugal
292,Jessamine Bridgeman,Peliyagoda,Sri Lanka
293,Selma Duffyn,Chengdong,China
294,Sybila Kemmet,Chelu,China
295,Ediva Jepperson,Pruszków,Poland
296,Eduardo Babbage,Ancol,Indonesia
297,Laurianne Pakes,Nzeto,Angola
298,Raquel Dable,Zaïo,Morocco
299,Merridie Jacqueminot,Lunyuk Ode,Indonesia
300,Hayward Cisco,Ростуша,Macedonia
301,Kata Lufkin,Chunjing,China
302,Jannel Laurenzi,Marfino,Russia
303,Berna Guilloux,Novi Zagreb,Croatia
304,Meade MacNeil,Longshan,China
305,Laurella Lyal,Mainit,Philippines
306,Conchita Stolze,Tianxin,China
307,Emmit Ducham,Baozi,China
308,Alice Koene,Narutō,Japan
309,Corbie Woolforde,Oslo,Norway
310,Lynde McGilvra,Xiumei,China
311,Michaela Baily,Korosten’,Ukraine
312,Jere Needs,Ellinikó,Greece
313,Waring Cohr,Petrikov,Ukraine
314,Orlando Jackalin,Los Pinos,Mexico
315,Kessiah Durtnall,Martingança,Portugal
316,Torry Flindall,Béreldange,Luxembourg
317,Gallard Stork,Banfora,Burkina Faso
318,Freda Schlag,Loreto,Philippines
319,Kissie McKain,Mońki,Poland
320,Ellerey Warman,Jiangbu,China
321,Lexi McMorran,Tsarychanka,Ukraine
322,Seumas Foucard,Jingzi,China
323,Igor Elstone,Badung,Indonesia
324,Lauralee Lambeth,Saint Louis,United States
325,Micky McMearty,Velká Bystřice,Czech Republic
326,Lottie Ackery,Longtang,China
327,Sharleen Pruce,Bokhan,Russia
328,Aime Morgan,Huanshi,China
329,Jimmy Haversum,Novaya Usman’,Russia
330,Osmond Dahlback,Elverum,Norway
331,Grissel Motten,Antsiranana,Madagascar
332,Cam Gogarty,Yamethin,Myanmar
333,Lenka Balshen,Marinići,Croatia
334,Jacquelin Eastmond,Fangtai,China
335,Bendix Say,Nanjing,China
336,Skylar Nund,Carvalho,Portugal
337,Biddie Ahrend,Bồng Sơn,Vietnam
338,Evy Sergant,Kveda Chkhorots’q’u,Georgia
339,Troy Gibbett,Xibër-Murrizë,Albania
340,Griffy Clampe,Uripa,Peru
341,Nettle Issitt,Cova da Iria,Portugal
342,Frayda Elsom,Xilin,China
343,Juana Klagges,Bukui,China
344,Olia Colston,Morteros,Argentina
345,Kacey Lourens,Coris,Peru
346,Dido Jacqueminot,Kefar Shemaryahu,Israel
347,Jefferson Tyers,El Soberbio,Argentina
348,Madelene Duffield,Tuchlovice,Czech Republic
349,Beatriz Tappin,Veles,Macedonia
350,Goran Stoakley,Gerong,Indonesia
351,Richardo Capes,Jacksonville,United States
352,Lane Chatain,Viçosa,Brazil
353,Tripp Letterick,Layo,Peru
354,Ivar Aust,Galovac,Croatia
355,Holt Bullion,Khantaghy,Kazakhstan
356,Harrison McKague,Vaxholm,Sweden
357,Jameson Bowry,Gesikan,Indonesia
358,Myrta Tures,Chongxing,China
359,Shoshana Blodg,Zvenigorod,Russia
360,Grange Jobe,Stěbořice,Czech Republic
361,Rolf Splevins,Shāhzādpur,Bangladesh
362,Codee Skullet,Winschoten,Netherlands
363,Raphael Braley,Tazhuang,China
364,Osborn Trulock,Setro,Indonesia
365,Kelcie Fassbender,Bandar Seri Begawan,Brunei
366,Gallagher Laytham,Purwosari,Indonesia
367,Hendrika Becks,Yaviza,Panama
368,Johnathan Tildesley,Āwash,Ethiopia
369,Brynn MacIntyre,Shenkou,China
370,Tobey Pettis,Isdalstø,Norway
371,Dannie O'Scollain,Xinyang,China
372,Issi Anderson,Jin’an,China
373,Jefferey McBayne,Qingshan,China
374,Jeannie Dunabie,Navariya,Ukraine
375,Querida Braidon,Bălţi,Moldova
376,Hadleigh Roon,Sukajadi,Indonesia
377,Loraine Vanyukov,Montelíbano,Colombia
378,Dayna Poulden,Jijiang,China
379,Johny Laurant,Koktal,Kazakhstan
380,Leelah Baggot,Montijo,Panama
381,Brendis Spawell,Fanzhen,China
382,Burnard Idiens,Daxing,China
383,Sara-ann Edmans,Ajax,Canada
384,Crystie Gerhartz,Sezemice,Czech Republic
385,Merrilee Bosman,Chuchkovo,Russia
386,Eldredge Mateus,Dongqu,China
387,Elijah Maguire,Amper,Nigeria
388,Emmi Didball,Bonabéri,Cameroon
389,Aland Byk,Vannes,France
390,Ogdan Mundwell,Vallecillo,Honduras
391,Zia Smalley,Bulakbanjar,Indonesia
392,Garold Vescovo,Tanbu,China
393,Guido Hebborne,Gabú,Guinea-Bissau
394,Honor Surplice,Leme,Brazil
395,Yvon Bengal,Ngrejo,Indonesia
396,Janos Newbold,Lidzbark,Poland
397,Izaak Hrycek,Jingkou,China
398,Pamela Sagerson,Konin,Poland
399,Gearalt Lebang,Wonopringgo,Indonesia
400,Fabiano Lampel,Nora,Sweden
401,Meagan Bolitho,KwaMbonambi,South Africa
402,Cassie Matysik,Dresden,Germany
403,Viviyan Tremble,Cogreg Wetan,Indonesia
404,Avivah Lackey,Quellouno,Peru
405,Pepillo Leishman,Ostrožac,Bosnia and Herzegovina
406,Hubey Cole,Porteirinha,Brazil
407,Evan Ferrucci,Nam Sách,Vietnam
408,Hillard Wharmby,Rijeka,Croatia
409,Josephina Barnish,Campo Alegre,Brazil
410,Rey Porritt,Fengshan,China
411,Poppy Lasham,Smyków,Poland
412,Giles Polo,Yuantan,China
413,Myrtia Rowbury,Stockholm,Sweden
414,Gilda Scallan,Shofirkon,Uzbekistan
415,Curry Dupree,El Aguilar,Argentina
416,Jamie Soper,Crauthem,Luxembourg
417,Jerrine Frayling,Busan,South Korea
418,Lorilee Haquin,Haradzishcha,Belarus
419,Reynard Vowden,Ailuk,Marshall Islands
420,Jerrie Edinboro,Ambatolampy,Madagascar
421,Bank Crummie,Shulan,China
422,Bertina Henzer,Castelo de Vide,Portugal
423,Dru Pettingill,Tianhe,China
424,Yuma Honnan,Honggang,China
425,Jereme Sander,Yogyakarta,Indonesia
426,Winne Barrack,Nestório,Greece
427,Tomlin Granger,Kolonnawa,Sri Lanka
428,Clark Roark,Gniezno,Poland
429,Linnet Laborda,Paris 09,France
430,Emile Fay,Banjar Dauhmargi,Indonesia
431,Alexis Hazelden,Cruces,Cuba
432,Kris Orfeur,Buin,Chile
433,Reba Fante,Brdów,Poland
434,Merola Barensen,Solec-Zdrój,Poland
435,Jarrod Refford,Storozhnytsya,Ukraine
436,Dennie Riedel,Pavlovka,Russia
437,Courtnay Redgewell,Kiboga,Uganda
438,Galvin Sleford,Seongnam-si,South Korea
439,Elli Jefferys,Khao Kho,Thailand
440,Flora Delap,Visaginas,Lithuania
441,Filmore Peasby,Pokrov,Russia
442,Sonnnie Domoney,Caála,Angola
443,Virgie Sayburn,Naschel,Argentina
444,Louisette Toffoletto,Kortesjärvi,Finland
445,Dedie Redrup,Rimba Sekampung,Indonesia
446,Liva McKibbin,Gävle,Sweden
447,Neil Weekland,San Salvador de Jujuy,Argentina
448,Colan Glas,Āshkhāneh,Iran
449,Gayle Burtonshaw,Camatagua,Venezuela
450,Zsa zsa Surgener,Bloomington,United States
451,Kearney Derrington,Václavovice,Czech Republic
452,Elmer Potte,Shuangkou,China
453,Jilli Battershall,Manhumirim,Brazil
454,Lyssa Critchley,Starokorsunskaya,Russia
455,Benny Hakewell,Anrong,China
456,Thatch MacKonochie,Xiwang,China
457,Katuscha Menzies,Saint-Quentin-en-Yvelines,France
458,Hart Garton,Guacarí,Colombia
459,Hana Chiommienti,Bendan,Indonesia
460,Kristofer Denecamp,Tembladera,Peru
461,Caressa Shere,Sanshui,China
462,Dara Buttrey,Vinhedo,Brazil
463,Lucita Malthus,Valdice,Czech Republic
464,Marge Beverstock,Dikwa,Nigeria
465,Nichols Gabbat,Valparaíso,Chile
466,Frazer Derkes,Katiola,Ivory Coast
467,Marcelle Badam,Grevená,Greece
468,Davina Packe,Buliran Segundo,Philippines
469,Nerte Frohock,Starý Bohumín,Czech Republic
470,Joan Ratnege,Tangyin,China
471,Ted Malenfant,Volary,Czech Republic
472,Angie Gowen,Herceg-Novi,Montenegro
473,Orlando Vigus,Heze,China
474,Beau Towson,Guernica,Argentina
475,Sheffy McGraw,Morazán,Honduras
476,Jannelle Comberbeach,Yushanpu,China
477,Marga Havenhand,Kiraman,Indonesia
478,Bradly Furlong,Xiaolou,China
479,Carmelina Raveau,Pocora,Costa Rica
480,Sayre Sadd,Bilovods'k,Ukraine
481,Brier Mingard,Masḩah,Palestinian Territory
482,Ron Whittlesey,Raejeru,Indonesia
483,Nicolina Feaks,El Pino,Honduras
484,Mersey Lamden,Timahankrajan,Indonesia
485,Justinn Darell,Kyperoúnta,Cyprus
486,Danya Craigie,Sampangbitung,Indonesia
487,Isiahi Enterle,Saraqinishtë,Albania
488,Loretta Soppit,Yongfa,China
489,Agnese Botterell,Kristianstad,Sweden
490,Queenie Hamilton,Korotych,Ukraine
491,Gustav Bennen,Kotel,Bulgaria
492,Dolly Maharry,Donghe,China
493,Nessi Paige,Aktogay,Kazakhstan
494,Nina Beeble,Şirvan,Azerbaijan
495,Yancy Morris,Belize City,Belize
496,Herman Poschel,Filipstad,Sweden
497,Chelsey Ireson,Sebina,Botswana
498,Winfred Skillett,Molde,Norway
499,Tiffany Huyton,Novyy Svit,Ukraine
500,Elsa Wynrahame,Maralal,Kenya
501,Theodor Cherry,Sang-e Chārak,Afghanistan
502,Marlee Dreakin,Cimaragas,Indonesia
503,Missy Attle,Jielong,China
504,Nonie Tompkinson,Seixo da Beira,Portugal
505,Pearline Simoncelli,Lujiao,China
506,Carly Allward,Honglin,China
507,Caril Heckney,Foumban,Cameroon
508,Nickolas Innwood,Milanówek,Poland
509,Adham Dorber,Yangdenghu,China
510,Dedra Rydeard,Sar-e Pul,Afghanistan
511,Buffy Pead,Awar-awar,Indonesia
512,Tim Hane,Ust’-Ilimsk,Russia
513,Alfi Sandys,Chambéry,France
514,Lynnelle Carn,Linköping,Sweden
515,Alexi MacMakin,Klwów,Poland
516,Berky Crunden,Ashley,United Kingdom
517,Danell Guesford,Kalmar,Sweden
518,Mohandas Lambert-Ciorwyn,Richmond,Canada
519,Rafaello Olliff,Chengzhai,China
520,Chryste Robelow,Pisangkemeng,Indonesia
521,Georgianna Lamacraft,Chenjiatan,China
522,Andria Enticknap,Qiligang,China
523,Jade Wolford,Frakulla e Madhe,Albania
524,Matthus Tunuy,Caseros,Argentina
525,Mill Feares,San Ramón,Peru
526,Sarene Gherardelli,Basud,Philippines
527,Gussy Feldheim,Seara,Portugal
528,Jess Aires,Ono,Japan
529,Janetta Damrel,Czerniejewo,Poland
530,Janith Kassel,Freetown,Sierra Leone
531,Basia Gailor,Mutum Biyu,Nigeria
532,Zorine Dilrew,Luqiao,China
533,Ines McBay,Greda,Croatia
534,Aubrey Antonomolii,Årsta,Sweden
535,Hailee Koppke,Plesná,Czech Republic
536,Stillmann Gosselin,Novi Beograd,Serbia
537,Bendix Spearing,Fresno,Colombia
538,Edouard Tasseler,Xinshidu,China
539,Boycie Whittington,Braunschweig,Germany
540,Ora Halwood,Dongyangzhen,China
541,Vere Howroyd,La Montañita,Colombia
542,Kimberlee Shelper,Kimhae,South Korea
543,Mindy Brabin,Bila Krynytsya,Ukraine
544,Ketti McCusker,Valky,Ukraine
545,Darline Romei,Esso,Russia
546,Wynny McCreery,Destrnik,Slovenia
547,Karon Langtree,Jinhe,China
548,Tandi Hendrix,Shuangjing,China
549,Jacquelyn de Nore,Bashan,China
550,Sylvia Heynel,Independencia,Mexico
551,Darcy Stoffels,Tarogong,Indonesia
552,Maxy Preuvost,Poputnaya,Russia
553,Aldous Andrey,Huicheng,China
554,Erick Dadley,Nakusp,Canada
555,Leeanne Climson,Pacucha,Peru
556,Blair Bleacher,As Sālimīyah,Kuwait
557,Cecile Lieb,Sibucao,Philippines
558,Rani Mixon,Okigwi,Nigeria
559,Wyatan Chorlton,Bengtsfors,Sweden
560,Raye Shane,Buenavista,Philippines
561,Larina Paddefield,Hirakata,Japan
562,Carry Batalini,Kórnik,Poland
563,Shane Catmull,Sungaikakap,Indonesia
564,Ailene Tiron,Épinal,France
565,Tamara Dedrick,Mangas,Peru
566,Cris O'Corrigane,Postřelmov,Czech Republic
567,Jodi Musprat,Düsseldorf,Germany
568,Rhodia Wishart,Sinjhoro,Pakistan
569,Jon Lamb,Baranusa,Indonesia
570,Hildy Corde,Kathu,Thailand
571,Calypso Purcell,Magumeri,Nigeria
572,Glen Dooly,Umuquena,Venezuela
573,Brendin Snoad,Mtimbira,Tanzania
574,Garrett Lecount,Krajan Pundungsari,Indonesia
575,Saidee Judge,Bydgoszcz,Poland
576,Neddie Pasmore,Hecheng,China
577,Mab Hickeringill,Cagmanaba,Philippines
578,Liliane Fisby,Donostia-San Sebastian,Spain
579,Liva Croshaw,Shanjiao,China
580,Gabriella Munden,New Mīrpur,Pakistan
581,Jeddy Rigbye,Durham,United States
582,Horacio Rampton,San Miguel del Padrón,Cuba
583,Lowe Bullan,Reforma,Mexico
584,Joni Mungin,Zamora,Spain
585,Darby Hanby,Independencia,Mexico
586,Aylmar McCathy,Mulino,Russia
587,Hagan Dudderidge,Waterbury,United States
588,Lanie Addicott,Lumijoki,Finland
589,Quent Filippi,El Carmen,Colombia
590,Godwin Pischof,Vilarinho,Portugal
591,Freddy Fritzer,Oele,Indonesia
592,Georgianne Hendrickson,Pilar,Philippines
593,Modestia Hallowes,Oslo,Norway
594,Whitaker Coghill,Admiralteisky,Russia
595,Levi Faulconer,Chicama,Peru
596,Brandea Bram,Krajan Dua Dawuan Wetan,Indonesia
597,Stefanie Brambley,Corticeiro de Baixo,Portugal
598,Cherin Malamore,São Bento do Sul,Brazil
599,Ray Chasteney,Tazhuang,China
600,Anjanette Lehrer,Fotolívos,Greece
601,Pet Skillanders,Yaizu,Japan
602,Mathilde Hinemoor,Mauhao,Philippines
603,Aube Skokoe,Humaitá,Brazil
604,Melisenda Struan,Parung,Indonesia
605,Kathi Rowaszkiewicz,Brikama Nding,Gambia
606,Deborah Filson,Alepoú,Greece
607,Romeo Cottisford,Dakhla,Western Sahara
608,Carmen Sweetnam,Rietavas,Lithuania
609,Barbette Gooderridge,Kingston,United Kingdom
610,Sanders Scotfurth,Nanping,China
611,Poul Bulch,Dalai,China
612,Friederike Ibbott,La Gomera,Guatemala
613,Ariana Ingon,Santa Maria,Mexico
614,Whitney Luckey,Grygov,Czech Republic
615,Eldredge Levicount,Fort Worth,United States
616,Gabrila Bedberry,Liaoyang,China
617,Purcell Muddiman,Ulricehamn,Sweden
618,Mira Brownell,Youshan,China
619,Danyette Laverty,Hanting,China
620,Sansone Pasley,Shanga,Nigeria
621,Barney Itter,Stockholm,Sweden
622,Kally Reeks,Latowicz,Poland
623,Donny Criag,Zhucun,China
624,Flossie Terrey,Sempu,Indonesia
625,Conn Pencot,Yuanqian,China
626,Hyman Ruddlesden,Koshki,Russia
627,Ingrim Hastler,Xing’an,China
628,Blaine Yuryev,Ibicaraí,Brazil
629,Scotti Harding,Piskivka,Ukraine
630,Jany Vasser,Montijo,Portugal
631,Diannne Shovlar,Sibulan,Philippines
632,Petrina Ebanks,Lavras da Mangabeira,Brazil
633,Julianne Kowalski,Velyka Bilozerka,Ukraine
634,Guy Krauze,Langqi,China
635,Konstantin Matteo,Cikadu,Indonesia
636,Everard Davydzenko,Nanganumba,Indonesia
637,Carline Brunsden,Kalāt,Pakistan
638,Bourke McGreay,Richmond,Jamaica
639,Maurice Dalla,Saparua,Indonesia
640,Ivie Byers,Krajanpagowan,Indonesia
641,Teodorico Rowatt,Laâyoune / El Aaiún,Western Sahara
642,Mycah Severs,Barra Mansa,Brazil
643,Jewel Northam,Romny,Russia
644,Sandi Polsin,Vecumnieki,Latvia
645,Vilhelmina Du Hamel,Tawangsari,Indonesia
646,Josie Reide,Xiaogang,China
647,Patty Gethin,Yokohama,Japan
648,Toddie Treat,Mežica,Slovenia
649,Carmen Summerlad,Sakai,Japan
650,Rufe Virr,Shenshu,China
651,Candy Rivelon,Bedalewun,Indonesia
652,Katherina Kment,Lukovë,Albania
653,Maxim Chisholm,Governor’s Harbour,Bahamas
654,Ilaire Ridehalgh,Hradec Králové,Czech Republic
655,Isidore Prickett,Saint-Raymond,Canada
656,Samantha Biers,Duvergé,Dominican Republic
657,Munroe Mc Meekin,Jaciara,Brazil
658,Sandra Kingsnode,Klishkivtsi,Ukraine
659,Fara Oakly,Long Loreh,Indonesia
660,Mamie Lyard,Mahanoro,Madagascar
661,Maggie Bonnell,Idenao,Cameroon
662,Dave Kindley,Rio,Portugal
663,Esma Cassella,Obikiik,Tajikistan
664,Rossy Yepiskov,Mirontsi,Comoros
665,Marianna Beecroft,Łobodno,Poland
666,Kipp Lugard,Belköl,Kazakhstan
667,Sigismundo Ohlsen,Caballococha,Peru
668,Simeon Colafate,Taiyang,China
669,Teri Shayes,Zengjia,China
670,Jefferey O' Bee,Shaoha,China
671,Wilmar Daye,Arbaoua,Morocco
672,Martita Latham,Qixia,China
673,Dody Ivanusyev,Orlando,United States
674,Yvon Gumbrell,Al Ibrāhīmīyah,Egypt
675,Kristin Pullen,Cangshi,China
676,Carol-jean Scouse,Dongkengkou,China
677,Ingunna MacGahey,Chian Yai,Thailand
678,Bartolomeo Chaucer,Matang,China
679,Marja Ketchen,Soissons,France
680,Lammond Axelbey,Paris 05,France
681,Athene Holyard,Petushki,Russia
682,Ronny Beebe,Kokubunji,Japan
683,Bert Desquesnes,Cangkringan,Indonesia
684,Keenan Try,Balekambang,Indonesia
685,Ericka Sygroves,El Corozal,Honduras
686,Launce Kenwell,Narsingdi,Bangladesh
687,Janos Kubyszek,Vaasa,Finland
688,Vic Yanyshev,Marechal Cândido Rondon,Brazil
689,Amberly Spickett,Ciudad Nueva,Dominican Republic
690,Arabele Macoun,Aozai,China
691,Horten Purves,Dawan,China
692,Bing Ballaam,Aurora,United States
693,Kerstin Preston,Pankrushikha,Russia
694,Hermine Lyste,Teculután,Guatemala
695,Karen Castell,Ar Rahad,Sudan
696,Hagen Krugmann,Khombole,Senegal
697,Mohandas Fowler,Giv'on HaHadasha,Israel
698,Alie Kedie,Yanling,China
699,Pattie Cheasman,Trunovskoye,Russia
700,Earvin Bessey,Kazanskoye,Russia
701,Mallory de Zamora,Lufang,China
702,Avivah Tynnan,Bankim,Cameroon
703,Urson Austick,Nangkapayung,Indonesia
704,Hercules Lamps,Lewograran,Indonesia
705,Jasmina Fehners,Kaya,Burkina Faso
706,Bartolemo Planque,Cluses,France
707,Deck Speechly,Asan,South Korea
708,Lazarus Hexum,Ploso Wetan,Indonesia
709,Jeane Brickhill,Dmitriyevskoye,Russia
710,Florette Grunson,San Rafael,Philippines
711,Greg Naris,Haputale,Sri Lanka
712,Betsy Gut,Ronggui,China
713,Andonis Poynor,Avignon,France
714,Erika Hause,Vårby,Sweden
715,Carmencita Marnes,Samaro,Pakistan
716,Ward Brounsell,Bago,Indonesia
717,Celia Bettles,Piranshahr,Iran
718,Eugenio Ashbey,Lieksa,Finland
719,Terrell Huggins,San Isidro de Lules,Argentina
720,Lilian Walthall,Itamarandiba,Brazil
721,Vivyanne Flury,Khyzy,Azerbaijan
722,Ermentrude MacKissack,Huizhai,China
723,Adair Praton,Pārūn,Afghanistan
724,Donavon Nolton,Phước An,Vietnam
725,Ted Mouth,Shucheng Chengguanzhen,China
726,Flss Dearnley,Volksrust,South Africa
727,Pippa Skill,Baoxia,China
728,Lenard Locke,Rimbo,Sweden
729,Hyacinthe Josovitz,Santa Rosa,Peru
730,Kienan Kitley,Ifanadiana,Madagascar
731,Babita Infantino,Madīnat ‘Īsá,Bahrain
732,Ilene Chaster,Marčelji,Croatia
733,Gorden Congreve,Bromma,Sweden
734,Xena Verecker,Itatinga,Brazil
735,Emmye Juliano,Serra Negra,Brazil
736,Marc Ralls,Inawashiro,Japan
737,Midge Jeanes,Rizal,Philippines
738,Serene Heckney,Majzar,Yemen
739,Jordon Asey,Klyuchevskiy,Russia
740,Marius Hulls,Lālmohan,Bangladesh
741,Lavina Papis,Banī Ḩassān,Tunisia
742,Phip Pirri,Maralal,Kenya
743,Brenna Fidilis,Idtig,Philippines
744,Sabine Clayworth,Tisco,Peru
745,Heloise Garaway,Ewirgol,China
746,Rogerio McMichell,Piritiba,Brazil
747,Rozalie Catherine,Salyan,Azerbaijan
748,Minnnie Glaister,Gafanha da Encarnação,Portugal
749,Wyndham Instock,Łęki Szlacheckie,Poland
750,Brockie Ramsted,Manghit,Uzbekistan
751,Opalina Piddlehinton,Winston Salem,United States
752,Peyton Candy,Ayapa,Honduras
753,Tallulah Brehaut,Comilla,Bangladesh
754,Ole Jacson,Zhongtai,China
755,Rurik Sanpher,Kardítsa,Greece
756,Mylo Prinnett,Omaha,United States
757,Nerty Ord,Coaldale,Canada
758,Margie Presland,Soweto,South Africa
759,Willey Boniface,Best,Netherlands
760,Stewart Duckfield,Dongkengkou,China
761,Shaun Fominov,Yoiqag,China
762,Birdie Hartin,Karangkancana,Indonesia
763,Rosalind Redshaw,Klemunan,Indonesia
764,Cornie Rangle,Bacolod,Philippines
765,Webb Northedge,Arcos,Portugal
766,Sileas Ansett,Tambir,Indonesia
767,Flossi Calvert,Xuchang,China
768,Krishnah Lennie,Handaqi,China
769,Menard Gooderidge,Brooklyn,United States
770,Birdie Ghent,Sandviken,Sweden
771,Isidora Woloschin,Mingyu,China
772,Alicia O'Breen,Bordeaux,France
773,Alidia Leek,Bedinje,Macedonia
774,Hieronymus Byneth,L'Aigle,France
775,Tedie Bonnick,Nanwai,China
776,Tammi Livzey,Blama,Sierra Leone
777,Cinderella Mangham,San Vicente,Philippines
778,Fredi Samwell,Bengubelan,Indonesia
779,Tucker Foystone,Ondangwa,Namibia
780,Rochell Savile,Rantauambacang,Indonesia
781,Lazare Garrod,Potikosin,Indonesia
782,Brett Tripet,Nuwara Eliya,Sri Lanka
783,Lily Hatchard,Taiyang,China
784,Zilvia Antoniewski,Castillos,Uruguay
785,Camey Blesing,Consuelo,Philippines
786,Jemie Figures,Marathon,Canada
787,Tatiana Hagerty,Yangmaogong,China
788,Otis McClosh,Tianyi,China
789,Elana Domenicone,Krumvíř,Czech Republic
790,Orv Eastham,Kyzylzhar,Kazakhstan
791,Helen-elizabeth Ghilks,Talpe,Sri Lanka
792,Livvyy Weddeburn - Scrimgeour,Chulakivka,Ukraine
793,Gustaf Casebourne,Xuanhua,China
794,Karlotta Domonkos,Årjäng,Sweden
795,Brianna Skerme,Sinajana Village,Guam
796,Alfie Silson,Rijeka,Croatia
797,Zachary Tersay,Shelabolikha,Russia
798,Perceval Le Barre,Cijayana,Indonesia
799,Marga Abramowitz,Barkly East,South Africa
800,Demetris Shemmin,Barra,Philippines
801,Francesca Amey,Shen’ao,China
802,Christie Trengrouse,Jetis,Indonesia
803,Mitchael Wrought,Truskolasy,Poland
804,Rora Sugge,Soutinho,Portugal
805,Avram De Morena,Bomadi,Nigeria
806,Erina Gocke,Buluh Kasap,Indonesia
807,Zonda Gaitley,Bambanglipuro,Indonesia
808,Astrix Alyokhin,Laon,France
809,Dimitry Krzyzowski,Głubczyce,Poland
810,Sherye Burthom,Gaoxu,China
811,Bobbee Bonus,Karanganyarkrajan,Indonesia
812,Johnathon Gittose,Xinba,China
813,Corilla Noddles,Linjiang,China
814,Marcellina Geerdts,Shilovo,Russia
815,Filide Jamary,Blois,France
816,Gwenette Spenceley,Yaviza,Panama
817,Gweneth Tobias,Dali,China
818,Lora Itzkovich,Newark,United States
819,Marcile Ameer-Beg,Longtian,China
820,Maureen Pietrzyk,Raejeru,Indonesia
821,Celina Borit,Kirawsk,Belarus
822,Baxie Brettoner,Ust’-Abakan,Russia
823,Whitman Wildey,Kurchaloy,Russia
824,Angie Rainsden,Cincinnati,United States
825,Reggie Sindle,Belleville,Canada
826,Zacharie Cecely,Leshukonskoye,Russia
827,Ewen Test,Liudong,China
828,Wyndham Rosenfield,Xixia,China
829,Kendra Simants,Néos Oropós,Greece
830,Charlot Stavers,Odoyev,Russia
831,Charmain Desson,Tidaholm,Sweden
832,Aggie Kivelle,Tula,Russia
833,Bald Bernard,Netanya,Israel
834,Cherrita Capey,Huanfeng,China
835,Adria Vasyanin,Surami,Georgia
836,Stanislaw Balf,Ocho Rios,Jamaica
837,Adiana Abbotson,Saronída,Greece
838,Leone Mattiazzo,Salvacion,Philippines
839,Bendicty Lamball,Dvůr Králové nad Labem,Czech Republic
840,Darice Siemianowicz,Miaogou,China
841,Tobey Relfe,Putinci,Serbia
842,Latashia Schorah,Baião,Portugal
843,Codie Lemmanbie,Ruixi,China
844,Lovell Beckinsall,Malata,Indonesia
845,Seamus Heimann,Gujrāt,Pakistan
846,Georgiana Darnborough,Panjāb,Afghanistan
847,Courtney Claypool,Bogorodskoye,Russia
848,Raynor Treadgold,Viloco,Bolivia
849,Herman Moncreiffe,Tuguan,China
850,Marita Morey,Nyamanari,Gambia
851,Saundra Rysom,Santa Rosa de Viterbo,Brazil
852,Katerine Moen,Lagny-sur-Marne,France
853,Frannie Ugo,Bello,Colombia
854,Emilie Hincks,Petrovsk,Russia
855,Cyndy Bellamy,Hangji,China
856,Jenilee McQuarter,Qulaybīyah,Tunisia
857,Amie Mayler,Nungga,Indonesia
858,Lyndy Rastall,Rechitsy,Russia
859,Melesa Sitwell,Singaparna,Indonesia
860,Eldin Leyborne,Zuobude,China
861,Lizzy Spellacy,Wufeng,China
862,Roth Behnke,Kelo,Chad
863,Torrin Clemmens,Jiaxing,China
864,Arabele Huxtable,San Lorenzo,Mexico
865,Lenard Rookledge,Idi Iroko,Nigeria
866,Margarethe Southers,Sut-Khol’,Russia
867,Padget Kilmurray,Shangyi,China
868,Therine Thominga,Jose Maria Morelos,Mexico
869,Arlette Bryan,Zhuangta,China
870,Griffith Lyman,Kayan,Myanmar
871,Jackelyn Deplacido,Barr,France
872,Pedro Walsh,Kiyawa,Nigeria
873,Win Desquesnes,Lavradio,Portugal
874,Crichton Lount,Sumisip,Philippines
875,Muffin Emery,Al Manshāh,Egypt
876,Aigneis Halm,Dłutów,Poland
877,Kandy Westphalen,Ngurore,Nigeria
878,Euell Punch,Banī Khallād,Tunisia
879,Janaye Cullip,Jinzhuang,China
880,Elicia Farrand,Nastola,Finland
881,Junette Wilfinger,Eqlīd,Iran
882,Austina Grinter,Souziqiu,China
883,Dilan L' Estrange,Babagan,Indonesia
884,Agnola Spatari,Tigbao,Philippines
885,Consuela Bartol,Straszyn,Poland
886,Phylis Pirkis,Smolec,Poland
887,Tammie Cheyenne,Klishkivtsi,Ukraine
888,Darlene Crimp,Évry,France
889,Kale Ruffle,Rato,Indonesia
890,Casie Gotch,Hato Mayor del Rey,Dominican Republic
891,Norry Jepensen,Vetluzhskiy,Russia
892,Perice Casellas,Roshal’,Russia
893,Roseann Ruoff,Yidu,China
894,Gaven Darwen,Fengshan,China
895,Faustina Brahams,Portmore,Jamaica
896,Lilia Lapre,Hongkeli,China
897,Neysa Setter,Suchen,China
898,Lisabeth Macconachy,Dake,China
899,Johannah Shakelady,Santa Catalina,Uruguay
900,Shana Arons,Rîbniţa,Moldova
901,Thorpe Wilkerson,Circasia,Colombia
902,Rorke Blackaller,Jicun,China
903,Alexandr Penticoot,Kokemäki,Finland
904,Joya Oley,Lederaba,Indonesia
905,Pippo Theodore,Jianshan,China
906,Myrlene Proger,Porvoo,Finland
907,Remus Trenfield,Telukpakedai,Indonesia
908,Alaric Goodison,Cẩm Phả Mines,Vietnam
909,Zebadiah Vant,Bordeaux,France
910,Truman Reames,Saltpond,Ghana
911,Ynez Machan,Jiangshan,China
912,Yetty Rajchert,Solnechnoye,Russia
913,Casie Pleaden,Kazaure,Nigeria
914,Raimundo Long,Ma’an,China
915,Lucinda Taudevin,Matos da Ranha,Portugal
916,Kerr Fiddler,Aglipay,Philippines
917,Jorrie Dotson,Athlone,Ireland
918,Klaus Gouth,Ribeirão da Ilha,Brazil
919,Robinet Shropsheir,Kurume,Japan
920,Karlyn Consterdine,Xirikxiy,China
921,Aldus Knocker,Hanggan,Philippines
922,Andrej Graith,Acomayo,Peru
923,Padget Rundall,Chisht-e Sharīf,Afghanistan
924,Dell MacLise,Guihulñgan,Philippines
925,Arie Norrington,Santa Lucía,Honduras
926,Carlie Kochel,Zhaoxian,China
927,Linda Cowterd,Cihideung Satu,Indonesia
928,Garvin McCracken,Ravne na Koroškem,Slovenia
929,Stacy Winterson,Kabukarudi,Indonesia
930,Delphinia Gedge,Peranap,Indonesia
931,Tiebout Mangham,Fika,Nigeria
932,Lenee Kondrat,Palhoça,Brazil
933,Jacky Ferrelli,Marovoay,Madagascar
934,Brandy McGing,Port Saint Lucie,United States
935,Ernaline Winfred,Tuanjie,China
936,Ayn Perkins,San Isidro,Philippines
937,Fitzgerald Kanwell,Kaolinovo,Bulgaria
938,Crysta Killock,Garajati,Indonesia
939,Ricki Azema,Donggaohuang,China
940,Magnum Goretti,Aguadulce,Panama
941,Pippo Robel,Sumberrejo,Indonesia
942,Felix Charlo,Guinsadan,Philippines
943,Lindsay Brisard,Bezons,France
944,Uta Darnborough,Alenquer,Portugal
945,Louella Spratt,Madison,United States
946,Munroe Matyushonok,Gatak,Indonesia
947,Arline Beeby,Požarevac,Serbia
948,Mariette Finnes,San Diego,United States
949,Ashley Fereday,Kotri,Pakistan
950,Doralia Betts,Gia Ray,Vietnam
951,Katina Kobpa,Lutoryż,Poland
952,Eyde Andreaccio,Ad Dann,Yemen
953,Zeke Cowdry,Sevilla,Spain
954,Eolanda MacFarlane,Sim,Russia
955,Sile Codi,Olkusz,Poland
956,Abraham Siley,Baohe,China
957,Jone Getcliffe,Pimenta Bueno,Brazil
958,Sidoney Fellis,Kushk,Afghanistan
959,Audrie Rewbottom,Wendengying,China
960,Jeth Pound,Lenart v Slov. Goricah,Slovenia
961,Madge Cowe,Vahdat,Tajikistan
962,Nye Enderlein,Hultsfred,Sweden
963,Irene Blemings,Kurchatov,Russia
964,Debor Bank,Abreus,Cuba
965,Piotr Pownall,Anao,Philippines
966,Bernette Crunkhorn,Ivanivka,Ukraine
967,Tully McCreery,Chastyye,Russia
968,Anna-maria Fife,Tegalwero,Indonesia
969,Tierney Dicke,Bayt Maqdūm,Palestinian Territory
970,Lucilia Leipoldt,Colima,Costa Rica
971,Roland Jiroutek,Margacina,Indonesia
972,Madge Headey,Warmare,Indonesia
973,Valry Neljes,Mölndal,Sweden
974,Johan Horsefield,Moquegua,Peru
975,Cristi Fitter,Digdig,Philippines
976,Sal MacLaughlin,Vil’nyans’k,Ukraine
977,Ky Rodear,Ptení,Czech Republic
978,Andrea Tuckett,Luozhou,China
979,Viv Andryushin,Gul’cha,Kyrgyzstan
980,Meir Buxcy,Haoraoshan,China
981,Benni Coenraets,Järfälla,Sweden
982,Gian Ellerby,Kumbo,Cameroon
983,Shaine Lofts,Hongkou,China
984,Morena Stainson,Tabuc Pontevedra,Philippines
985,Zabrina Wentworth,Tayirove,Ukraine
986,Abbe O'Feeny,Yylanly,Turkmenistan
987,Crissy Molineaux,Zhuravka,Ukraine
988,Moyra Angelo,Bandong,China
989,Tasha Provost,Toužim,Czech Republic
990,Rip Dearl,Topeka,United States
991,Cherye Manie,Shihua,China
992,Daune Dowdney,Npongge,Indonesia
993,Shanda Strutton,Kasturi,Indonesia
994,Fleurette Cobson,Groningen,Netherlands
995,Savina Tollerton,Puerto de Nutrias,Venezuela
996,Gene Chapiro,Litibakul,Indonesia
997,Piper Dowsett,Tyarlevo,Russia
998,Auroora Goacher,Sanxi,China
999,Monty Ewbanck,Pedreira,Portugal
1000,Antony Marchenko,Lianzhu,China
